driverId,name,ssn,location,certified,wage-plan
10,Daniel Miller,785-72-0660,"3718 Alicia Glen
North Anthony, MN 33595",Y,hours
11,Christopher Mack,003-22-2884,"1934 Teresa Turnpike
Greenbury, IL 52107",Y,miles
12,Leslie King,093-87-5610,"518 Elizabeth Manors
Kathyville, MN 13244",Y,miles
13,Heather Dean,013-36-2606,"109 Smith Hills Suite 479
Graychester, SC 61522",Y,hours
14,Lauren Roberts,486-47-6790,"28645 Ruiz Locks
Nancyfurt, CA 95056",N,hours
15,Karen Ross,062-53-4403,"75306 Timothy Dam
Port Apriltown, WY 39511",Y,hours
16,Jennifer Garcia,229-75-1021,"38723 Tony Plain Suite 390
North Ryanberg, MD 14801",Y,hours
17,Nicholas Reyes,456-49-8251,"88921 Richard Fort Apt. 466
New Justinmouth, IA 96631",Y,hours
18,Alexis Lee,321-81-9503,"713 Perez Rapid
North Stefanie, WA 26605",Y,hours
19,Katrina Johnson,065-48-5245,"854 Robertson Walk Suite 607
Christopherside, OK 97578",Y,miles
20,Kristine Gill,494-05-8348,"0522 Benjamin Vista Apt. 278
West Sarastad, OK 71388",N,miles
21,Jodi Webb,536-89-4441,"USNV Bailey
FPO AA 68833",N,hours
22,Cathy Arnold,586-49-6903,"43519 Moody Shores
Port Tyler, MA 66410",Y,hours
23,Jessica Martinez,592-82-9495,"1073 Hensley Drive
West Jamesport, NC 25045",Y,miles
24,Jennifer Gonzalez MD,195-20-0474,"4100 Logan Knolls
Jacksonfort, VI 45138",Y,miles
25,Edward Curry,519-45-8421,"1493 Kaitlyn Plains Apt. 689
West Kennethport, OR 66186",N,hours
26,Robert Adams,331-29-4356,"7198 Victoria Station
New Samanthashire, DE 37815",Y,miles
27,Anna Lopez,683-65-3911,"8985 Kelly Port
North Kimberlyshire, IA 88700",Y,hours
28,Patricia Brown,817-51-9146,"1881 Gibbs Locks Apt. 477
East Rebeccachester, AZ 04512",Y,hours
29,Paul Johnson,505-74-2359,"3655 Jenkins Flats Apt. 993
South Jake, UT 88830",Y,miles
30,Kristin Price,777-98-5357,"217 Price Summit Suite 820
Aliciabury, MA 33158",N,hours
31,Jose Lang,456-04-3209,"597 Richards Grove
East Stephaniemouth, VA 18801",N,hours
32,Alex Morrison,150-92-2305,"PSC 0701, Box 9158
APO AE 05154",N,miles
33,Sara Vargas,437-92-5888,"1129 Paula Causeway
Port Shannon, TX 90665",N,hours
34,Peter Cuevas,535-14-7635,"742 Vargas Spurs
East Carriebury, CO 55647",Y,miles
35,Kimberly Cruz,472-52-5390,"266 Kendra Knolls
North Stephanieborough, NV 54020",Y,miles
36,Jenny Lopez,268-43-0569,"3280 Long Burgs Apt. 304
Marilynmouth, VA 80609",Y,hours
37,Shannon Osborne,599-12-6411,"225 Johnson Forks Apt. 444
Port Chadbury, UT 20028",N,miles
38,Tiffany Dougherty,069-26-3881,"117 Carlos Islands Apt. 157
Brayfurt, CT 66965",Y,hours
39,Lynn Padilla,112-03-1823,"82285 Rivas Springs Apt. 125
New Peter, VI 18469",N,miles
40,Tracie Massey,560-27-8208,"026 Lauren Ridge Apt. 168
Richardhaven, WA 64536",N,hours
41,Dale Hernandez,224-74-2864,"945 Taylor Spur
New Jacksonburgh, OR 67457",N,hours
42,Thomas Hall,381-85-4229,"2487 Arroyo Valley Suite 809
Lake Tinaburgh, OK 69331",N,miles
43,Jason Reyes,721-86-0458,"00992 Robertson Port
East Josephshire, MH 91334",Y,miles
44,Judy Dominguez,736-80-1755,"59904 Joseph Circles Suite 774
Jasonton, MT 36599",Y,miles
45,Robert Bell,662-19-3972,"485 Adkins Crossing
Jonesville, MN 38179",N,miles
46,Courtney Green,218-87-1348,"1066 Rodriguez Unions
Joseberg, IA 98410",Y,miles
47,Robert Phelps,683-83-5189,"0001 Gene Fork
Christopherchester, GA 46951",N,miles
48,Meghan Smith,801-06-1997,"287 Freeman Parks Apt. 564
West Kirk, MD 25423",N,miles
49,Elizabeth Hanson,642-69-6655,"285 Heather Harbor Apt. 669
Cooperfurt, NJ 60262",N,hours
50,Zachary Ortiz,875-41-1328,"6147 Ronald Meadow Suite 764
East Bryanton, NC 88936",Y,hours
51,Nathaniel Frank,495-32-8152,"481 Nguyen Neck Suite 495
South Paulport, DE 63860",Y,hours
52,Christopher Brown,530-58-1774,"8019 Jennifer Union Suite 557
South Karenberg, GU 52512",Y,hours
53,Taylor Hernandez,777-17-7307,"2847 Cameron Glen
Priceshire, MH 15725",N,miles
54,David Mann,042-47-8351,"2283 Johnny Corners Suite 039
Port Aprilbury, UT 89244",Y,hours
55,Jason Johnson,205-27-0374,"888 Aaron Pass Suite 767
Coxchester, MP 38176",Y,hours
56,Amanda Lawson,190-62-7519,"843 Jessica Way Apt. 563
East Markside, VT 46090",N,hours
57,Brenda Ramsey,337-88-4937,"0905 Rhonda Lodge Suite 199
Jessicastad, MP 75084",Y,hours
58,Jeff Moore,760-23-1355,"9510 Ryan Road Suite 494
West Rhonda, PW 14732",Y,miles
59,Amanda Richardson,600-87-3158,"Unit 5112 Box 6228
DPO AP 35497",Y,hours
60,Parker Jones,071-08-9547,"24158 Kristen Spurs
Smithtown, OR 93925",Y,miles
61,Ashley Taylor,424-07-2151,"4078 Davis Fall Suite 597
North Christyton, ID 43306",Y,hours
62,David Lee,019-89-4822,"25084 Kevin Ville Apt. 713
Lake Erin, OK 04693",N,hours
63,Adam Jenkins,760-09-5002,"258 Porter Plains Suite 666
New Bryanville, WA 39074",N,miles
64,Andrea Murray,736-88-0022,"782 Russo Stravenue
Gordonfurt, MO 67982",N,miles
65,Morgan Griffin,419-77-4261,"Unit 0131 Box 9893
DPO AE 75926",N,hours
66,William Gomez,466-43-9376,"56649 Carol Green
North Amanda, NM 76872",N,miles
67,Carolyn Sosa,713-57-2748,"5042 Brown View
Allenton, CA 49324",N,hours
68,Melinda Lindsey,816-02-7501,"83033 Crystal Street
Jamesshire, NE 29686",Y,miles
69,Michael Williams,445-63-0840,"Unit 2118 Box 2633
DPO AA 60371",N,miles
70,Jonathan Coleman,290-90-5066,"6185 Flores Grove
Traceyfort, NH 28047",Y,miles
71,James Evans,020-79-8050,"USCGC Walter
FPO AE 46966",Y,miles
72,Angelica Mills,582-70-3919,"3811 Thomas Vista Apt. 626
South Jermaineland, KS 51634",Y,hours
73,Tim Wagner,239-60-7446,"627 Douglas Lakes Suite 368
New Jessica, VT 88338",N,miles
74,Christopher Johnson,701-94-8476,"39494 Debra Track Suite 752
Lake Colleen, MS 75228",Y,hours
75,Robin Brown,053-73-2512,"USS Gomez
FPO AA 79695",Y,hours
76,Joseph Kane,671-96-8522,"039 Reynolds Flats
Victorside, HI 58609",N,miles
77,Andrea Farrell,091-16-8572,"1597 Jones Prairie Apt. 105
North Brian, VT 02859",N,hours
78,Wayne Walker,470-52-8237,"5585 Chloe Bridge
Port Charlesview, TX 24871",Y,miles
79,William Estrada,033-42-1612,"53333 Donna Square Apt. 150
Kimmouth, SC 61039",N,miles
80,Stephanie Lopez,493-29-7651,"03359 Patrick Ridges Apt. 619
Ericborough, NJ 27244",Y,miles
81,Sheena Peters,359-16-6765,"1981 Fisher Drive
Emmafort, AS 71500",Y,hours
82,Christopher Miller,150-25-6852,"32060 Barrett Roads
Reillyhaven, VI 95745",N,hours
83,William Fritz,834-28-2885,"712 Taylor Rapids Apt. 069
Tammyton, AK 90525",Y,hours
84,Melissa Young,835-19-3084,"Unit 5183 Box 1162
DPO AP 86465",Y,miles
85,Stephen Martin,790-57-8161,"13099 Yu Mountain
Cherylshire, DC 63650",N,hours
86,Nicholas Kirby,467-12-7103,"61569 Eric Orchard
Port Steveville, WI 30605",N,miles
87,Eric Smith,777-81-5214,"99553 Jones Views
New Linda, GA 11663",Y,miles
88,Edward Hancock,409-63-4347,"2549 Robert Islands
Williamsport, MN 88286",Y,miles
89,Alyssa Floyd,322-47-6222,"6201 Margaret Avenue Apt. 641
Kariton, GU 24366",N,miles
90,Mrs. Andrea Black,591-62-8866,"12506 Phillips Way
New Jenniferhaven, ND 06108",Y,miles
91,Edgar Smith,582-60-2213,"5001 Robert Junctions Suite 616
Lake Ashleymouth, GA 69268",N,miles
92,Mary Harris,406-66-1077,"PSC 3831, Box 6729
APO AA 37504",Y,hours
93,Shelby Thomas,440-22-0023,"29982 Brittany Junction Suite 774
West Jamiebury, PR 13499",N,miles
94,Cynthia Smith,701-91-4254,"220 Thompson Tunnel
Lake John, IL 69411",Y,miles
95,Shelia Adams,045-41-3676,"238 Foley Locks Suite 971
West Kylebury, HI 74830",Y,hours
96,Melissa Paul,505-88-7076,"25735 Brown Drives
South Danny, MO 64671",N,miles
97,Ashley Caldwell,112-10-0284,"74343 Shannon Mountain
North Dwayne, NE 53205",Y,hours
98,Janet Cooley,294-14-4981,"034 Gary Turnpike
New Garrett, MA 44928",Y,miles
99,Brian Hall,709-62-6657,"2746 Jonathan Roads
Port Debbieburgh, WY 78292",N,hours
100,Keith King,654-24-1270,"8330 Teresa Crossing Apt. 051
Maysfurt, NV 41717",Y,miles
101,Caitlin Ruiz,169-46-2971,"1444 Brian Mountains Suite 121
New Samuel, OR 44979",Y,hours
102,Wanda Walker,410-98-3706,"Unit 1414 Box 8128
DPO AP 83965",N,miles
103,Brian Lynn,877-07-1674,"0874 Smith Islands
Rodriguezmouth, ND 15032",Y,miles
104,John Reyes,433-12-6065,"1336 Denise Inlet Suite 675
Charlesport, PA 23881",N,hours
105,Francis Gamble,580-95-0829,"50111 David Pass
Lake Taylor, DE 44581",N,miles
106,Aaron Flynn,041-21-1557,"USNS Taylor
FPO AA 02359",Y,hours
107,Brian Keller,809-97-0023,"Unit 9749 Box 4901
DPO AP 09773",Y,miles
108,Robert Sanders,131-81-5605,"69041 Timothy Via Apt. 067
Wallton, IN 83306",Y,hours
109,Debra Mcdaniel,897-74-6540,"6478 Garrett Forge
North Samanthaborough, NC 24190",N,miles
